name,type,language
ahmed,first,arabic
aisha,first,arabic
ali,first,arabic
fatima,first,arabic
hassan,first,arabic
kashif,first,arabic
mohammed,first,arabic
omar,first,arabic
zahra,first,arabic
ahmed,last,arabic
ali,last,arabic
hassan,last,arabic
khan,last,arabic
ai,first,chinese
an,first,chinese
bai,first,chinese
bao,first,chinese
bo,first,chinese
chao,first,chinese
chen,first,chinese
cheng,first,chinese
chun,first,chinese
dong,first,chinese
fang,first,chinese
fei,first,chinese
feng,first,chinese
guang,first,chinese
han,first,chinese
hao,first,chinese
haoran,first,chinese
hong,first,chinese
hua,first,chinese
huan,first,chinese
hui,first,chinese
jia,first,chinese
jian,first,chinese
jiang,first,chinese
jie,first,chinese
jin,first,chinese
jing,first,chinese
juan,first,chinese
jun,first,chinese
kai,first,chinese
kang,first,chinese
lan,first,chinese
lei,first,chinese
li,first,chinese
lian,first,chinese
liang,first,chinese
lin,first,chinese
ling,first,chinese
liu,first,chinese
long,first,chinese
lu,first,chinese
mei,first,chinese
min,first,chinese
ming,first,chinese
na,first,chinese
ning,first,chinese
peng,first,chinese
ping,first,chinese
qi,first,chinese
qian,first,chinese
qiang,first,chinese
qin,first,chinese
qing,first,chinese
qiu,first,chinese
quan,first,chinese
rong,first,chinese
ru,first,chinese
rui,first,chinese
shan,first,chinese
sheng,first,chinese
shu,first,chinese
shuai,first,chinese
tao,first,chinese
tian,first,chinese
ting,first,chinese
wan,first,chinese
wei,first,chinese
wen,first,chinese
wu,first,chinese
xia,first,chinese
xiang,first,chinese
xiao,first,chinese
xin,first,chinese
xinyi,first,chinese
xiong,first,chinese
xiu,first,chinese
xu,first,chinese
xuan,first,chinese
xue,first,chinese
yan,first,chinese
yang,first,chinese
yao,first,chinese
ye,first,chinese
yi,first,chinese
yifan,first,chinese
ying,first,chinese
yong,first,chinese
yu,first,chinese
yuan,first,chinese
yue,first,chinese
yun,first,chinese
yutong,first,chinese
yuxuan,first,chinese
ze,first,chinese
zhan,first,chinese
zhang,first,chinese
zhao,first,chinese
zhen,first,chinese
zheng,first,chinese
zhi,first,chinese
zhong,first,chinese
zhou,first,chinese
zhu,first,chinese
zihan,first,chinese
zihao,first,chinese
zixuan,first,chinese
cai,last,chinese
cao,last,chinese
chen,last,chinese
cheng,last,chinese
deng,last,chinese
ding,last,chinese
dong,last,chinese
feng,last,chinese
gao,last,chinese
guo,last,chinese
han,last,chinese
hu,last,chinese
huang,last,chinese
jia,last,chinese
jiang,last,chinese
li,last,chinese
liang,last,chinese
lin,last,chinese
liu,last,chinese
lu,last,chinese
luo,last,chinese
shen,last,chinese
song,last,chinese
tang,last,chinese
wang,last,chinese
wei,last,chinese
wu,last,chinese
xiao,last,chinese
xie,last,chinese
xu,last,chinese
yang,last,chinese
yu,last,chinese
zhang,last,chinese
zhao,last,chinese
zheng,last,chinese
zhou,last,chinese
zhu,last,chinese
aaron,first,english
abigail,first,english
abraham,first,english
adam,first,english
addison,first,english
adrian,first,english
aiden,first,english
al,first,english
alan,first,english
albie,first,english
alec,first,english
alex,first,english
alexander,first,english
alf,first,english
alfred,first,english
alice,first,english
alvin,first,english
amanda,first,english
amber,first,english
amelia,first,english
amos,first,english
amy,first,english
andrew,first,english
andy,first,english
angie,first,english
anna,first,english
annie,first,english
anthony,first,english
arabella,first,english
archie,first,english
aria,first,english
arnold,first,english
art,first,english
arthur,first,english
artie,first,english
arty,first,english
asher,first,english
ashley,first,english
aubrey,first,english
audrey,first,english
aurora,first,english
austin,first,english
ava,first,english
axel,first,english
barb,first,english
barbara,first,english
barry,first,english
bart,first,english
basil,first,english
beau,first,english
becca,first,english
becky,first,english
belinda,first,english
bella,first,english
ben,first,english
benjamin,first,english
benji,first,english
benny,first,english
bernadette,first,english
bernard,first,english
bernice,first,english
bert,first,english
beth,first,english
betsy,first,english
betty,first,english
bill,first,english
billie,first,english
billy,first,english
blake,first,english
blanche,first,english
bob,first,english
bobby,first,english
boyd,first,english
brad,first,english
bradford,first,english
bradley,first,english
brandon,first,english
brent,first,english
brett,first,english
brian,first,english
brooklyn,first,english
bruce,first,english
bruno,first,english
bryan,first,english
byron,first,english
caleb,first,english
calvin,first,english
cameron,first,english
camila,first,english
candace,first,english
carl,first,english
carlton,first,english
caroline,first,english
carrie,first,english
casey,first,english
cassandra,first,english
cathy,first,english
cecil,first,english
cedric,first,english
celeste,first,english
charlene,first,english
charles,first,english
charlie,first,english
charlotte,first,english
chase,first,english
cheryl,first,english
chester,first,english
chloe,first,english
chris,first,english
christie,first,english
christopher,first,english
christy,first,english
chuck,first,english
cindy,first,english
clarice,first,english
claudia,first,english
clint,first,english
clinton,first,english
clyde,first,english
cody,first,english
colin,first,english
colleen,first,english
connor,first,english
conrad,first,english
constance,first,english
cooper,first,english
cornelius,first,english
courtney,first,english
craig,first,english
curtis,first,english
cyril,first,english
daisy,first,english
dale,first,english
damon,first,english
dan,first,english
daniel,first,english
danielle,first,english
danny,first,english
darlene,first,english
darrell,first,english
darren,first,english
darryl,first,english
dave,first,english
davey,first,english
david,first,english
dean,first,english
deb,first,english
debbie,first,english
deborah,first,english
deidre,first,english
deirdre,first,english
delores,first,english
dennis,first,english
derek,first,english
devin,first,english
dewey,first,english
dick,first,english
dolores,first,english
dominic,first,english
don,first,english
donald,first,english
donna,first,english
donny,first,english
donovan,first,english
dorian,first,english
dorothy,first,english
doug,first,english
douglas,first,english
drew,first,english
duane,first,english
dudley,first,english
duncan,first,english
dustin,first,english
dwight,first,english
dylan,first,english
earl,first,english
easton,first,english
ed,first,english
eddie,first,english
eddy,first,english
edgar,first,english
edmund,first,english
edward,first,english
edwin,first,english
eileen,first,english
elaine,first,english
elbert,first,english
eleanor,first,english
eli,first,english
elias,first,english
elijah,first,english
eliza,first,english
elizabeth,first,english
ella,first,english
ellie,first,english
elliot,first,english
elliott,first,english
ellis,first,english
elmer,first,english
eloise,first,english
elton,first,english
elvin,first,english
elvis,first,english
emerson,first,english
emil,first,english
emily,first,english
emma,first,english
emmett,first,english
enrique,first,english
eric,first,english
erica,first,english
erin,first,english
ernest,first,english
ernie,first,english
esther,first,english
ethan,first,english
ethel,first,english
eugene,first,english
evan,first,english
evelyn,first,english
everett,first,english
evie,first,english
ezra,first,english
felicia,first,english
felix,first,english
fernando,first,english
finn,first,english
fiona,first,english
flora,first,english
floyd,first,english
forrest,first,english
fran,first,english
francine,first,english
francis,first,english
frank,first,english
frankie,first,english
franklin,first,english
fred,first,english
freddie,first,english
freddy,first,english
freya,first,english
gabriel,first,english
gail,first,english
garrett,first,english
garry,first,english
garth,first,english
gary,first,english
gavin,first,english
gene,first,english
genevieve,first,english
geoffrey,first,english
george,first,english
geraldine,first,english
gerard,first,english
gerry,first,english
gertrude,first,english
gilbert,first,english
gina,first,english
gladys,first,english
glenda,first,english
glenn,first,english
gordon,first,english
grace,first,english
graham,first,english
grant,first,english
grayson,first,english
greg,first,english
gregg,first,english
gregory,first,english
grover,first,english
guy,first,english
gwendolyn,first,english
hailey,first,english
hal,first,english
hank,first,english
hannah,first,english
hans,first,english
harold,first,english
harper,first,english
harriet,first,english
harry,first,english
harvey,first,english
hayley,first,english
hazel,first,english
heather,first,english
hector,first,english
heidi,first,english
helen,first,english
henry,first,english
herbert,first,english
herman,first,english
hilda,first,english
holly,first,english
homer,first,english
horace,first,english
howard,first,english
hubert,first,english
hugh,first,english
hugo,first,english
hunter,first,english
ian,first,english
ida,first,english
inez,first,english
ingrid,first,english
irene,first,english
irma,first,english
irving,first,english
irwin,first,english
isaac,first,english
isabella,first,english
isaiah,first,english
isla,first,english
ivan,first,english
ivy,first,english
jack,first,english
jackie,first,english
jackson,first,english
jacob,first,english
jacqueline,first,english
jake,first,english
james,first,english
jan,first,english
jana,first,english
jane,first,english
janet,first,english
janice,first,english
jared,first,english
jarvis,first,english
jasmine,first,english
jason,first,english
jasper,first,english
javier,first,english
jax,first,english
jay,first,english
jean,first,english
jeanette,first,english
jeanne,first,english
jeff,first,english
jeffrey,first,english
jenna,first,english
jenni,first,english
jennifer,first,english
jenny,first,english
jeremiah,first,english
jeremy,first,english
jerome,first,english
jerry,first,english
jesse,first,english
jessica,first,english
jill,first,english
jim,first,english
jimmy,first,english
jo,first,english
jocelyn,first,english
joe,first,english
joel,first,english
joey,first,english
john,first,english
johnny,first,english
jon,first,english
jonah,first,english
jonas,first,english
jonathan,first,english
jonny,first,english
jordan,first,english
jorge,first,english
jose,first,english
joseph,first,english
josephine,first,english
josh,first,english
joshua,first,english
josie,first,english
joyce,first,english
juan,first,english
jude,first,english
judith,first,english
judy,first,english
julia,first,english
julian,first,english
julianne,first,english
julie,first,english
julius,first,english
justin,first,english
justine,first,english
kai,first,english
kara,first,english
karen,first,english
karl,first,english
karla,first,english
kate,first,english
kathleen,first,english
kathryn,first,english
kathy,first,english
katie,first,english
kayla,first,english
keith,first,english
kelly,first,english
kelsey,first,english
kelvin,first,english
ken,first,english
kendall,first,english
kendra,first,english
kenneth,first,english
kenny,first,english
kent,first,english
kerry,first,english
kevin,first,english
kim,first,english
kimberly,first,english
kimmy,first,english
kinsley,first,english
kirk,first,english
kristen,first,english
kristin,first,english
kristina,first,english
kristy,first,english
kurt,first,english
kyle,first,english
lana,first,english
lance,first,english
larry,first,english
laura,first,english
lauren,first,english
laurie,first,english
lawrence,first,english
layla,first,english
leah,first,english
lee,first,english
lena,first,english
leo,first,english
leon,first,english
leona,first,english
leonard,first,english
leroy,first,english
leslie,first,english
lester,first,english
leticia,first,english
levi,first,english
lewis,first,english
liam,first,english
lila,first,english
lillian,first,english
lily,first,english
lincoln,first,english
linda,first,english
lionel,first,english
liz,first,english
lizzie,first,english
lizzy,first,english
lloyd,first,english
logan,first,english
lois,first,english
lola,first,english
lonnie,first,english
loren,first,english
loretta,first,english
lori,first,english
lorraine,first,english
louis,first,english
louise,first,english
lowell,first,english
lucas,first,english
lucille,first,english
lucy,first,english
luis,first,english
luke,first,english
luna,first,english
luther,first,english
lydia,first,english
lyle,first,english
lynn,first,english
lynne,first,english
mabel,first,english
mack,first,english
madeline,first,english
madison,first,english
maggie,first,english
malcolm,first,english
mandy,first,english
manuel,first,english
marcia,first,english
marcie,first,english
marcus,first,english
marcy,first,english
margaret,first,english
marian,first,english
marianne,first,english
marie,first,english
marilyn,first,english
mario,first,english
marion,first,english
marjorie,first,english
mark,first,english
marlene,first,english
marlon,first,english
marsha,first,english
marshall,first,english
martha,first,english
martin,first,english
marvin,first,english
mary,first,english
mason,first,english
matt,first,english
matthew,first,english
matty,first,english
maureen,first,english
maurice,first,english
max,first,english
maxine,first,english
maya,first,english
meg,first,english
megan,first,english
melanie,first,english
melinda,first,english
melissa,first,english
melvin,first,english
merle,first,english
mia,first,english
michael,first,english
michelle,first,english
miguel,first,english
mike,first,english
mikey,first,english
mila,first,english
mildred,first,english
miles,first,english
milo,first,english
milton,first,english
miriam,first,english
mitchell,first,english
molly,first,english
mona,first,english
monte,first,english
morris,first,english
moses,first,english
muriel,first,english
murray,first,english
myrna,first,english
myron,first,english
nadine,first,english
nancy,first,english
nanky,first,english
naomi,first,english
natalie,first,english
nathan,first,english
nathaniel,first,english
neal,first,english
neil,first,english
nellie,first,english
nelson,first,english
neville,first,english
nicholas,first,english
nick,first,english
nicky,first,english
nicole,first,english
nigel,first,english
nina,first,english
noah,first,english
noe,first,english
noel,first,english
noi,first,english
nolan,first,english
nora,first,english
norma,first,english
norman,first,english
noy,first,english
oliver,first,english
olivia,first,english
omar,first,english
orlando,first,english
oscar,first,english
otis,first,english
owen,first,english
paisley,first,english
pam,first,english
pamela,first,english
patricia,first,english
patrick,first,english
patsy,first,english
patti,first,english
patty,first,english
paul,first,english
paula,first,english
pauline,first,english
peggy,first,english
penelope,first,english
penny,first,english
percy,first,english
perry,first,english
pete,first,english
peter,first,english
phil,first,english
philip,first,english
phillip,first,english
phyllis,first,english
polly,first,english
poppy,first,english
preston,first,english
priscilla,first,english
quentin,first,english
quincy,first,english
rachel,first,english
rafael,first,english
ralph,first,english
ramon,first,english
ramona,first,english
randall,first,english
randolph,first,english
randy,first,english
raul,first,english
ray,first,english
raymond,first,english
regina,first,english
reginald,first,english
rene,first,english
renee,first,english
rex,first,english
rhonda,first,english
rhys,first,english
ricardo,first,english
richard,first,english
richie,first,english
rick,first,english
ricky,first,english
riley,first,english
rita,first,english
rob,first,english
robbie,first,english
robby,first,english
robert,first,english
roberta,first,english
robin,first,english
rocco,first,english
rochelle,first,english
roderick,first,english
rodney,first,english
roger,first,english
roland,first,english
roman,first,english
ron,first,english
ronald,first,english
ronnie,first,english
roosevelt,first,english
rory,first,english
rosalie,first,english
rose,first,english
rosemary,first,english
rosie,first,english
ross,first,english
roxanne,first,english
roxie,first,english
roxy,first,english
roy,first,english
ruben,first,english
ruby,first,english
rudolph,first,english
rudy,first,english
rufus,first,english
russell,first,english
ruth,first,english
ryan,first,english
sadie,first,english
sally,first,english
salvador,first,english
sam,first,english
samantha,first,english
sammy,first,english
samuel,first,english
sandra,first,english
sandy,first,english
sarah,first,english
savannah,first,english
scarlett,first,english
scott,first,english
sean,first,english
sebastian,first,english
selena,first,english
serena,first,english
sergio,first,english
seth,first,english
shane,first,english
shannon,first,english
shari,first,english
sharon,first,english
shaun,first,english
shawn,first,english
sheila,first,english
sheldon,first,english
shelley,first,english
shelly,first,english
sherman,first,english
sherri,first,english
sherry,first,english
shirley,first,english
sidney,first,english
silas,first,english
silvia,first,english
simon,first,english
skylar,first,english
sonya,first,english
sophia,first,english
spencer,first,english
stacey,first,english
stacy,first,english
stan,first,english
stanley,first,english
stella,first,english
stephanie,first,english
stephen,first,english
steve,first,english
steven,first,english
stevie,first,english
stewart,first,english
stuart,first,english
sue,first,english
susan,first,english
susie,first,english
suzanne,first,english
suzie,first,english
sylvester,first,english
sylvia,first,english
tabitha,first,english
tamara,first,english
tammy,first,english
tania,first,english
tanya,first,english
tara,first,english
taylor,first,english
ted,first,english
teddy,first,english
teresa,first,english
terrance,first,english
terrence,first,english
terri,first,english
terry,first,english
thelma,first,english
theo,first,english
theodore,first,english
theresa,first,english
thomas,first,english
tiffany,first,english
tim,first,english
timmy,first,english
timothy,first,english
tina,first,english
todd,first,english
tom,first,english
tommy,first,english
tony,first,english
tonya,first,english
tracey,first,english
tracy,first,english
travis,first,english
trevor,first,english
tricia,first,english
trish,first,english
troy,first,english
trudy,first,english
tyler,first,english
tyrone,first,english
ulysses,first,english
ursula,first,english
valerie,first,english
vanessa,first,english
velma,first,english
vera,first,english
verna,first,english
vernon,first,english
vicki,first,english
vicky,first,english
victor,first,english
victoria,first,english
vikki,first,english
vincent,first,english
vinnie,first,english
vinny,first,english
viola,first,english
violet,first,english
virgil,first,english
virginia,first,english
vivian,first,english
wade,first,english
wallace,first,english
walter,first,english
wanda,first,english
warren,first,english
wayne,first,english
wendy,first,english
wesley,first,english
whitney,first,english
wilbur,first,english
will,first,english
willard,first,english
william,first,english
willie,first,english
willis,first,english
willow,first,english
willy,first,english
winifred,first,english
winston,first,english
woodrow,first,english
wyatt,first,english
xavier,first,english
yolanda,first,english
yvette,first,english
yvonne,first,english
zachary,first,english
zara,first,english
zoe,first,english
zoey,first,english
adams,last,english
allen,last,english
anderson,last,english
bailey,last,english
barnes,last,english
bell,last,english
bennett,last,english
brooks,last,english
bryant,last,english
butler,last,english
campbell,last,english
clark,last,english
coleman,last,english
collins,last,english
cook,last,english
cooper,last,english
cox,last,english
crawford,last,english
cunningham,last,english
davis,last,english
dixon,last,english
duncan,last,english
edwards,last,english
elliott,last,english
ellis,last,english
evans,last,english
ferguson,last,english
fleming,last,english
fletcher,last,english
ford,last,english
foster,last,english
fox,last,english
freeman,last,english
garcia,last,english
gibson,last,english
gonzalez,last,english
grant,last,english
griffin,last,english
hall,last,english
hamilton,last,english
hansen,last,english
harris,last,english
harrison,last,english
hart,last,english
harvey,last,english
hawkins,last,english
hayes,last,english
henderson,last,english
hernandez,last,english
hicks,last,english
hoffman,last,english
holland,last,english
holmes,last,english
hughes,last,english
hunt,last,english
jackson,last,english
jenkins,last,english
johnson,last,english
johnston,last,english
jones,last,english
kelly,last,english
kennedy,last,english
knight,last,english
lambert,last,english
lawrence,last,english
lawson,last,english
lewis,last,english
lopez,last,english
marshall,last,english
martin,last,english
martinez,last,english
matthews,last,english
maxwell,last,english
mcdonald,last,english
mclaughlin,last,english
meyer,last,english
miller,last,english
mills,last,english
montgomery,last,english
moore,last,english
morgan,last,english
morris,last,english
morrison,last,english
murphy,last,english
murray,last,english
myers,last,english
nguyen,last,english
nichols,last,english
oliver,last,english
olson,last,english
owens,last,english
palmer,last,english
parker,last,english
patel,last,english
patterson,last,english
payne,last,english
pearson,last,english
perez,last,english
perry,last,english
peterson,last,english
phillips,last,english
pierce,last,english
porter,last,english
powell,last,english
price,last,english
quinn,last,english
ramirez,last,english
reed,last,english
reynolds,last,english
richards,last,english
richardson,last,english
roberts,last,english
robertson,last,english
robinson,last,english
rodriguez,last,english
rogers,last,english
ross,last,english
russell,last,english
ryan,last,english
sanchez,last,english
sanders,last,english
schmidt,last,english
scott,last,english
shaw,last,english
simpson,last,english
sims,last,english
smith,last,english
snyder,last,english
spencer,last,english
stephens,last,english
stevens,last,english
stewart,last,english
sullivan,last,english
taylor,last,english
thomas,last,english
thompson,last,english
torres,last,english
tucker,last,english
wallace,last,english
walsh,last,english
walters,last,english
ward,last,english
warren,last,english
washington,last,english
watkins,last,english
watson,last,english
watts,last,english
weaver,last,english
webb,last,english
welch,last,english
wells,last,english
west,last,english
wheeler,last,english
williams,last,english
wilson,last,english
woods,last,english
wright,last,english
adele,first,french
adrien,first,french
adèle,first,french
agnes,first,french
agnès,first,french
alain,first,french
alexandre,first,french
alice,first,french
amelie,first,french
amélie,first,french
anais,first,french
anaïs,first,french
andre,first,french
anne,first,french
antoine,first,french
arthur,first,french
aurelie,first,french
baptiste,first,french
benjamin,first,french
bernard,first,french
brigitte,first,french
bruno,first,french
camille,first,french
caroline,first,french
catherine,first,french
cecile,first,french
cedric,first,french
celine,first,french
charles,first,french
charlotte,first,french
chloe,first,french
chloé,first,french
christine,first,french
christophe,first,french
claire,first,french
claude,first,french
clemence,first,french
clement,first,french
clémence,first,french
clément,first,french
corinne,first,french
céline,first,french
damien,first,french
daniel,first,french
david,first,french
delphine,first,french
didier,first,french
dominique,first,french
elise,first,french
emma,first,french
emmanuel,first,french
enzo,first,french
eric,first,french
estelle,first,french
ethan,first,french
etienne,first,french
eva,first,french
fabien,first,french
florence,first,french
francois,first,french
francoise,first,french
frederic,first,french
gabriel,first,french
guillaume,first,french
helene,first,french
henri,first,french
hugo,first,french
hugues,first,french
hélène,first,french
isabelle,first,french
jacques,first,french
jade,first,french
jean,first,french
jeanne,first,french
jerome,first,french
jules,first,french
julie,first,french
julien,first,french
justine,first,french
laetitia,first,french
laura,first,french
laurence,first,french
laurent,first,french
lea,first,french
lena,first,french
leo,first,french
loic,first,french
louis,first,french
louise,first,french
luc,first,french
lucas,first,french
lucie,first,french
léa,first,french
léo,first,french
manon,first,french
marc,first,french
margaux,first,french
margot,first,french
marie,first,french
marine,first,french
marion,first,french
martine,first,french
mathieu,first,french
mathilde,first,french
mathis,first,french
maxime,first,french
michel,first,french
michele,first,french
monique,first,french
nathalie,first,french
nathan,first,french
nicolas,first,french
nicole,first,french
noe,first,french
noemie,first,french
noé,first,french
noémie,first,french
oceane,first,french
océane,first,french
olivier,first,french
pascal,first,french
pascale,first,french
patricia,first,french
patrick,first,french
paul,first,french
pauline,first,french
philippe,first,french
pierre,first,french
raphael,first,french
raphaël,first,french
remi,first,french
romain,first,french
romane,first,french
sandrine,first,french
sarah,first,french
sebastien,first,french
serge,first,french
sophie,first,french
stephane,first,french
stephanie,first,french
sylvain,first,french
sylvie,first,french
theo,first,french
thierry,first,french
thomas,first,french
théo,first,french
valentin,first,french
valerie,first,french
veronique,first,french
vincent,first,french
virginie,first,french
yves,first,french
zoe,first,french
zoé,first,french
élise,first,french
bernard,last,french
blanc,last,french
bonnet,last,french
david,last,french
dubois,last,french
durand,last,french
fournier,last,french
garcia,last,french
girard,last,french
lambert,last,french
laurent,last,french
lefebvre,last,french
legrand,last,french
leroy,last,french
martin,last,french
martinez,last,french
michel,last,french
moreau,last,french
morel,last,french
petit,last,french
richard,last,french
robert,last,french
roux,last,french
simon,last,french
thomas,last,french
alexander,first,german
andrea,first,german
andreas,first,german
angelika,first,german
anja,first,german
anna,first,german
annemarie,first,german
astrid,first,german
barbara,first,german
beate,first,german
ben,first,german
bernd,first,german
birgit,first,german
brigitte,first,german
charlotte,first,german
christian,first,german
christina,first,german
christine,first,german
christoph,first,german
clara,first,german
claudia,first,german
daniel,first,german
david,first,german
dieter,first,german
doris,first,german
elena,first,german
elias,first,german
elisabeth,first,german
emilia,first,german
emma,first,german
felix,first,german
finn,first,german
frank,first,german
gabriele,first,german
gisela,first,german
gunter,first,german
hanna,first,german
hannah,first,german
hans,first,german
heike,first,german
heinrich,first,german
helga,first,german
helmut,first,german
inge,first,german
ingrid,first,german
iris,first,german
jan,first,german
jens,first,german
joachim,first,german
johanna,first,german
jonas,first,german
julia,first,german
jurgen,first,german
karin,first,german
karl,first,german
katrin,first,german
kirsten,first,german
klaus,first,german
lara,first,german
lea,first,german
lena,first,german
leon,first,german
liam,first,german
lina,first,german
luca,first,german
luisa,first,german
lukas,first,german
maja,first,german
manfred,first,german
maria,first,german
marion,first,german
markus,first,german
martin,first,german
martina,first,german
matthias,first,german
max,first,german
maximilian,first,german
mia,first,german
michael,first,german
monika,first,german
nicole,first,german
noah,first,german
norbert,first,german
oliver,first,german
patrick,first,german
paul,first,german
paula,first,german
peter,first,german
petra,first,german
rainer,first,german
ralf,first,german
renate,first,german
robert,first,german
roland,first,german
sabine,first,german
sabrina,first,german
silke,first,german
sophia,first,german
sophie,first,german
stefan,first,german
stefanie,first,german
stephan,first,german
susanne,first,german
thomas,first,german
thorsten,first,german
tim,first,german
ursula,first,german
ute,first,german
uwe,first,german
werner,first,german
wolfgang,first,german
bauer,last,german
becker,last,german
berg,last,german
braun,last,german
fischer,last,german
fuchs,last,german
hartmann,last,german
hoffmann,last,german
huber,last,german
kaiser,last,german
klein,last,german
koch,last,german
kruger,last,german
lange,last,german
lehmann,last,german
maier,last,german
meyer,last,german
muller,last,german
neumann,last,german
peters,last,german
richter,last,german
schmidt,last,german
schneider,last,german
schulz,last,german
wagner,last,german
weber,last,german
weiss,last,german
werner,last,german
wolf,last,german
zimmermann,last,german
aakash,first,hindi
aarav,first,hindi
abhay,first,hindi
abhishek,first,hindi
aditi,first,hindi
aditya,first,hindi
adrita,first,hindi
ajay,first,hindi
akash,first,hindi
akshay,first,hindi
amit,first,hindi
amol,first,hindi
anand,first,hindi
ananya,first,hindi
anil,first,hindi
anish,first,hindi
anita,first,hindi
anjali,first,hindi
ankit,first,hindi
anuj,first,hindi
anushka,first,hindi
aparna,first,hindi
arjun,first,hindi
arun,first,hindi
aryan,first,hindi
asha,first,hindi
ashish,first,hindi
ashok,first,hindi
atul,first,hindi
chandan,first,hindi
deepak,first,hindi
deepika,first,hindi
dev,first,hindi
divya,first,hindi
diya,first,hindi
gaurav,first,hindi
harsh,first,hindi
hemant,first,hindi
himanshu,first,hindi
isha,first,hindi
ishaan,first,hindi
jyoti,first,hindi
karan,first,hindi
kartik,first,hindi
kavita,first,hindi
kavya,first,hindi
kiran,first,hindi
krishna,first,hindi
kunal,first,hindi
lakshmi,first,hindi
manish,first,hindi
maya,first,hindi
mayank,first,hindi
meera,first,hindi
mohit,first,hindi
neeta,first,hindi
neha,first,hindi
nikhil,first,hindi
nisha,first,hindi
nitin,first,hindi
pankaj,first,hindi
pari,first,hindi
pooja,first,hindi
pradeep,first,hindi
prakash,first,hindi
prasad,first,hindi
prashant,first,hindi
priya,first,hindi
radha,first,hindi
rahul,first,hindi
raj,first,hindi
rajesh,first,hindi
rashmi,first,hindi
ravi,first,hindi
rekha,first,hindi
ritu,first,hindi
riya,first,hindi
rohan,first,hindi
rohit,first,hindi
saanvi,first,hindi
sachin,first,hindi
sandeep,first,hindi
sangita,first,hindi
sanjay,first,hindi
sapna,first,hindi
sara,first,hindi
seema,first,hindi
shilpa,first,hindi
shreya,first,hindi
shruti,first,hindi
shubham,first,hindi
shweta,first,hindi
siya,first,hindi
sneha,first,hindi
sonia,first,hindi
sunil,first,hindi
sunita,first,hindi
suresh,first,hindi
swati,first,hindi
tanvi,first,hindi
tushar,first,hindi
usha,first,hindi
vandana,first,hindi
varun,first,hindi
veena,first,hindi
vidya,first,hindi
vihaan,first,hindi
vijay,first,hindi
vikash,first,hindi
vinay,first,hindi
vinod,first,hindi
vivaan,first,hindi
yash,first,hindi
agarwal,last,hindi
bansal,last,hindi
bhatia,last,hindi
chandra,last,hindi
garg,last,hindi
goyal,last,hindi
gupta,last,hindi
jain,last,hindi
joshi,last,hindi
kapoor,last,hindi
kumar,last,hindi
malhotra,last,hindi
mehta,last,hindi
mishra,last,hindi
mittal,last,hindi
pandey,last,hindi
patel,last,hindi
rao,last,hindi
reddy,last,hindi
shah,last,hindi
sharma,last,hindi
shukla,last,hindi
singh,last,hindi
sinha,last,hindi
tiwari,last,hindi
trivedi,last,hindi
verma,last,hindi
yadav,last,hindi
alessandro,first,italian
chiara,first,italian
francesco,first,italian
giorgia,first,italian
giulia,first,italian
lorenzo,first,italian
luca,first,italian
marco,first,italian
martina,first,italian
matteo,first,italian
sofia,first,italian
bianchi,last,italian
bruno,last,italian
colombo,last,italian
esposito,last,italian
ferrari,last,italian
greco,last,italian
marino,last,italian
ricci,last,italian
rossi,last,italian
russo,last,italian
aroha,first,polynesian
hina,first,polynesian
kai,first,polynesian
kaia,first,polynesian
koa,first,polynesian
lani,first,polynesian
leilani,first,polynesian
maui,first,polynesian
moana,first,polynesian
sione,first,polynesian
tane,first,polynesian
adrian,first,spanish
adriana,first,spanish
alba,first,spanish
alberto,first,spanish
alejandra,first,spanish
alejandro,first,spanish
alfonso,first,spanish
alicia,first,spanish
alma,first,spanish
alvaro,first,spanish
ana,first,spanish
andrea,first,spanish
andres,first,spanish
angel,first,spanish
angela,first,spanish
antonio,first,spanish
arturo,first,spanish
beatriz,first,spanish
belen,first,spanish
blanca,first,spanish
carla,first,spanish
carlos,first,spanish
carmen,first,spanish
catalina,first,spanish
cecilia,first,spanish
cesar,first,spanish
clara,first,spanish
claudia,first,spanish
cristian,first,spanish
cristina,first,spanish
daniel,first,spanish
daniela,first,spanish
david,first,spanish
diana,first,spanish
diego,first,spanish
eduardo,first,spanish
elena,first,spanish
elia,first,spanish
elisa,first,spanish
emilio,first,spanish
emma,first,spanish
enrique,first,spanish
esperanza,first,spanish
estefania,first,spanish
estela,first,spanish
eva,first,spanish
fernando,first,spanish
francisca,first,spanish
francisco,first,spanish
gabriel,first,spanish
gabriela,first,spanish
gloria,first,spanish
gonzalo,first,spanish
graciela,first,spanish
guadalupe,first,spanish
gustavo,first,spanish
hector,first,spanish
hugo,first,spanish
ignacio,first,spanish
ines,first,spanish
irene,first,spanish
isabel,first,spanish
ivan,first,spanish
jaime,first,spanish
javier,first,spanish
jesus,first,spanish
joaquin,first,spanish
jorge,first,spanish
jose,first,spanish
jota,first,spanish
juan,first,spanish
julia,first,spanish
julio,first,spanish
laia,first,spanish
laura,first,spanish
leonardo,first,spanish
leticia,first,spanish
lola,first,spanish
lucas,first,spanish
lucia,first,spanish
luis,first,spanish
luisa,first,spanish
luna,first,spanish
manuel,first,spanish
marcela,first,spanish
marco,first,spanish
marcos,first,spanish
margarita,first,spanish
maria,first,spanish
marina,first,spanish
mario,first,spanish
marta,first,spanish
martin,first,spanish
martina,first,spanish
mateo,first,spanish
mercedes,first,spanish
miguel,first,spanish
monica,first,spanish
natalia,first,spanish
nicolas,first,spanish
noa,first,spanish
noe,first,spanish
noel,first,spanish
noelia,first,spanish
noemi,first,spanish
norma,first,spanish
noé,first,spanish
nuria,first,spanish
oscar,first,spanish
pablo,first,spanish
patricia,first,spanish
patricio,first,spanish
paula,first,spanish
pedro,first,spanish
pilar,first,spanish
rafael,first,spanish
ramon,first,spanish
raquel,first,spanish
raul,first,spanish
ricardo,first,spanish
roberto,first,spanish
rocio,first,spanish
rodrigo,first,spanish
rosa,first,spanish
ruben,first,spanish
salvador,first,spanish
samuel,first,spanish
sandra,first,spanish
santiago,first,spanish
sara,first,spanish
sergio,first,spanish
silvia,first,spanish
sofia,first,spanish
susana,first,spanish
teresa,first,spanish
valeria,first,spanish
veronica,first,spanish
vicente,first,spanish
victor,first,spanish
victoria,first,spanish
alvarez,last,spanish
bernabeu,last,spanish
castillo,last,spanish
castro,last,spanish
chavez,last,spanish
cruz,last,spanish
diaz,last,spanish
fernandez,last,spanish
flores,last,spanish
garcia,last,spanish
gomez,last,spanish
gonzalez,last,spanish
gutierrez,last,spanish
hernandez,last,spanish
jimenez,last,spanish
lopez,last,spanish
martinez,last,spanish
mendoza,last,spanish
morales,last,spanish
moreno,last,spanish
munoz,last,spanish
ortega,last,spanish
ortiz,last,spanish
perez,last,spanish
ramirez,last,spanish
ramos,last,spanish
rivera,last,spanish
rodriguez,last,spanish
romero,last,spanish
ruiz,last,spanish
sanchez,last,spanish
silva,last,spanish
torres,last,spanish
vargas,last,spanish
vazquez,last,spanish
vega,last,spanish
